/*
Navicat MySQL Data Transfer

Source Server         : myConsult
Source Server Version : 50520
Source Host           : localhost:3306
Source Database       : db1

Target Server Type    : MYSQL
Target Server Version : 50520
File Encoding         : 65001

Date: 2017-08-31 23:03:53
*/

SET FOREIGN_KEY_CHECKS=0;

-- ----------------------------
-- Table structure for `consult_configarea`
-- ----------------------------
DROP TABLE IF EXISTS `consult_configarea`;
CREATE TABLE `consult_configarea` (
  `areaCode` varchar(6) CHARACTER SET utf8 COLLATE utf8_bin NOT NULL DEFAULT '',
  `areaName` varchar(100) CHARACTER SET utf8 COLLATE utf8_bin DEFAULT NULL,
  `state` int(1) DEFAULT NULL COMMENT '0 有效，1 失效',
  PRIMARY KEY (`areaCode`)
) ENGINE=InnoDB DEFAULT CHARSET=utf8;

-- ----------------------------
-- Records of consult_configarea
-- ----------------------------
INSERT INTO `consult_configarea` VALUES ('100', '测试1', '0');
INSERT INTO `consult_configarea` VALUES ('101', '测试2', '0');
INSERT INTO `consult_configarea` VALUES ('102', '测试3', '0');
INSERT INTO `consult_configarea` VALUES ('103', '测试4', '0');
INSERT INTO `consult_configarea` VALUES ('104', '测试5', '0');
INSERT INTO `consult_configarea` VALUES ('105', '测试6', '0');
INSERT INTO `consult_configarea` VALUES ('106', '测试7', '0');
INSERT INTO `consult_configarea` VALUES ('107', '测试8', '0');
INSERT INTO `consult_configarea` VALUES ('11', 'sss', '0');
INSERT INTO `consult_configarea` VALUES ('22', 'aaa', '0');
INSERT INTO `consult_configarea` VALUES ('33', '44444', '0');
INSERT INTO `consult_configarea` VALUES ('430981', '湖南省|益阳市|沅江市', '0');
INSERT INTO `consult_configarea` VALUES ('erer', 'erer', '0');

-- ----------------------------
-- Table structure for `consult_content`
-- ----------------------------
DROP TABLE IF EXISTS `consult_content`;
CREATE TABLE `consult_content` (
  `itemIndex` int(100) DEFAULT NULL,
  `content` varchar(200) COLLATE utf8_bin DEFAULT NULL,
  `type` varchar(1) COLLATE utf8_bin DEFAULT NULL COMMENT '0--22个问题的征询内容， 1--11个问题的',
  `state` int(1) DEFAULT NULL COMMENT '0 有效，1 失效',
  `id` int(10) NOT NULL AUTO_INCREMENT,
  `areacode` varchar(10) COLLATE utf8_bin DEFAULT NULL COMMENT '地区编码字段，不同地区征询问题不一样',
  PRIMARY KEY (`id`)
) ENGINE=InnoDB AUTO_INCREMENT=96 DEFAULT CHARSET=utf8 COLLATE=utf8_bin;

-- ----------------------------
-- Records of consult_content
-- ----------------------------
INSERT INTO `consult_content` VALUES ('0', '罗大', '0', '0', '1', null);
INSERT INTO `consult_content` VALUES ('1', '放假了打算减肥了的数据分类电视剧放来定价法鲁大师会计分录电视剧放鲁大师减肥了 的记录撒娇的	附近的懒散,放假了打算减肥了的数据分类电视剧放来定价法鲁大师会计分录电视剧放鲁大师减肥了 的记录撒娇的	附近的懒散', '0', '0', '2', null);
INSERT INTO `consult_content` VALUES ('3', '是否有肝病史、乙型肝炎表面抗原阳性、HCV抗体阳性。', '0', '0', '3', null);
INSERT INTO `consult_content` VALUES ('5', '机器人', '1', '0', '4', null);
INSERT INTO `consult_content` VALUES ('6', '机器人2', '1', '0', '5', null);
INSERT INTO `consult_content` VALUES ('7', '机器人3', '1', '0', '6', null);
INSERT INTO `consult_content` VALUES ('4', '罗大', '0', '0', '8', null);
INSERT INTO `consult_content` VALUES ('4', '罗大', '0', '0', '9', null);
INSERT INTO `consult_content` VALUES ('4', '罗大', '0', '0', '10', null);
INSERT INTO `consult_content` VALUES ('4', '罗大', '0', '0', '11', null);
INSERT INTO `consult_content` VALUES ('4', '罗大', '0', '0', '12', null);
INSERT INTO `consult_content` VALUES ('4', '罗大', '0', '0', '13', null);
INSERT INTO `consult_content` VALUES ('4', '罗大', '0', '0', '14', null);
INSERT INTO `consult_content` VALUES ('4', '罗大', '0', '0', '15', null);
INSERT INTO `consult_content` VALUES ('4', '罗大', '0', '0', '16', null);
INSERT INTO `consult_content` VALUES ('4', '罗大', '0', '0', '17', null);
INSERT INTO `consult_content` VALUES ('4', '罗大', '0', '0', '18', null);
INSERT INTO `consult_content` VALUES ('4', '罗大', '0', '0', '19', null);
INSERT INTO `consult_content` VALUES ('4', '罗大', '0', '0', '20', null);
INSERT INTO `consult_content` VALUES ('4', '罗大', '0', '0', '21', null);
INSERT INTO `consult_content` VALUES ('4', '罗大', '0', '0', '22', null);
INSERT INTO `consult_content` VALUES ('4', '罗大', '0', '0', '23', null);
INSERT INTO `consult_content` VALUES ('4', '罗大', '0', '0', '24', null);
INSERT INTO `consult_content` VALUES ('4', '罗大', '0', '0', '25', null);
INSERT INTO `consult_content` VALUES ('4', '罗大', '0', '0', '26', null);
INSERT INTO `consult_content` VALUES ('4', '罗大', '1', '0', '27', null);
INSERT INTO `consult_content` VALUES ('4', '罗大', '1', '0', '28', null);
INSERT INTO `consult_content` VALUES ('4', '罗大', '1', '0', '29', null);
INSERT INTO `consult_content` VALUES ('4', '罗大', '1', '0', '30', null);
INSERT INTO `consult_content` VALUES ('4', '罗大', '1', '0', '31', null);
INSERT INTO `consult_content` VALUES ('4', '罗大', '1', '0', '32', null);
INSERT INTO `consult_content` VALUES ('4', '罗大', '1', '0', '33', null);
INSERT INTO `consult_content` VALUES ('5', '机器人', '1', '0', '89', null);
INSERT INTO `consult_content` VALUES ('6', '机器人2', '1', '0', '90', null);
INSERT INTO `consult_content` VALUES ('5', '机器人', '1', '0', '91', null);
INSERT INTO `consult_content` VALUES ('6', '机器人2', '1', '0', '92', null);
INSERT INTO `consult_content` VALUES ('22', '我要测试！112', '0', '1', '94', null);
INSERT INTO `consult_content` VALUES ('23', '我要测试！113', '0', '1', '95', null);

-- ----------------------------
-- Table structure for `consult_contract`
-- ----------------------------
DROP TABLE IF EXISTS `consult_contract`;
CREATE TABLE `consult_contract` (
  `Contract_ID` int(12) unsigned zerofill NOT NULL AUTO_INCREMENT,
  `psptId` varchar(20) NOT NULL,
  `Contract_code` varchar(50) NOT NULL,
  `state` int(1) DEFAULT NULL,
  `activeTime` datetime DEFAULT NULL,
  PRIMARY KEY (`Contract_ID`)
) ENGINE=InnoDB AUTO_INCREMENT=290 DEFAULT CHARSET=gbk;

-- ----------------------------
-- Records of consult_contract
-- ----------------------------
INSERT INTO `consult_contract` VALUES ('000000000001', '身份证', '供血浆者卡号', '0', '2016-08-08 13:28:56');
INSERT INTO `consult_contract` VALUES ('000000000002', '430981198805195113', '201118', '0', '2016-08-08 13:28:56');
INSERT INTO `consult_contract` VALUES ('000000000003', '452323197706235265', '101307', '0', '2016-08-08 13:28:56');
INSERT INTO `consult_contract` VALUES ('000000000004', '452323197207075228', '402304', '0', '2016-08-08 13:28:56');
INSERT INTO `consult_contract` VALUES ('000000000005', '452323197407162529', '201108', '0', '2016-08-08 13:28:56');
INSERT INTO `consult_contract` VALUES ('000000000006', '452323196804096524', '301231', '0', '2016-08-08 13:28:56');
INSERT INTO `consult_contract` VALUES ('000000000007', '452323197505152527', '201055', '0', '2016-08-08 13:28:56');
INSERT INTO `consult_contract` VALUES ('000000000008', '452323197212183418', '402247', '0', '2016-08-08 13:28:56');
INSERT INTO `consult_contract` VALUES ('000000000009', '45232319741027314X', '105133', '0', '2016-08-08 13:28:56');
INSERT INTO `consult_contract` VALUES ('000000000010', '452323197307182522', '101664', '0', '2016-08-08 13:28:56');
INSERT INTO `consult_contract` VALUES ('000000000011', '452323196408030013', '201855', '0', '2016-08-08 13:28:56');
INSERT INTO `consult_contract` VALUES ('000000000012', '452323196409246115', '403393', '0', '2016-08-08 13:28:56');
INSERT INTO `consult_contract` VALUES ('000000000013', '452323197507093735', '101470', '0', '2016-08-08 13:28:56');
INSERT INTO `consult_contract` VALUES ('000000000014', '452323197310143145', '101637', '0', '2016-08-08 13:28:56');
INSERT INTO `consult_contract` VALUES ('000000000015', '45232319680229464X', '402904', '0', '2016-08-08 13:28:56');
INSERT INTO `consult_contract` VALUES ('000000000016', '452323196204270736', '202048', '0', '2016-08-08 13:28:56');
INSERT INTO `consult_contract` VALUES ('000000000017', '450324198601046512', '104747', '0', '2016-08-08 13:28:56');
INSERT INTO `consult_contract` VALUES ('000000000018', '452323196610080022', '102403', '0', '2016-08-08 13:28:56');
INSERT INTO `consult_contract` VALUES ('000000000019', '452327196910151676', '100070', '0', '2016-08-08 13:28:56');
INSERT INTO `consult_contract` VALUES ('000000000020', '452323198106081930', '101048', '0', '2016-08-08 13:28:56');
INSERT INTO `consult_contract` VALUES ('000000000021', '452323198009163416', '101097', '0', '2016-08-08 13:28:56');
INSERT INTO `consult_contract` VALUES ('000000000022', '452324196903010315', '400593', '0', '2016-08-08 13:28:56');
INSERT INTO `consult_contract` VALUES ('000000000023', '452324196711200317', '400675', '0', '2016-08-08 13:28:56');
INSERT INTO `consult_contract` VALUES ('000000000024', '452323196909222515', '102097', '0', '2016-08-08 13:28:56');
INSERT INTO `consult_contract` VALUES ('000000000025', '452323197811224664', '101217', '0', '2016-08-08 13:28:56');
INSERT INTO `consult_contract` VALUES ('000000000026', '452323196710011323', '105410', '0', '2016-08-08 13:28:56');
INSERT INTO `consult_contract` VALUES ('000000000027', '450325198702090316', '404072', '0', '2016-08-08 13:28:56');
INSERT INTO `consult_contract` VALUES ('000000000028', '452323197210206524', '402266', '0', '2016-08-08 13:28:56');
INSERT INTO `consult_contract` VALUES ('000000000029', '452323197005042241', '201398', '0', '2016-08-08 13:28:56');
INSERT INTO `consult_contract` VALUES ('000000000030', '452323197105262225', '101878', '0', '2016-08-08 13:28:56');
INSERT INTO `consult_contract` VALUES ('000000000031', '452323196908055225', '402695', '0', '2016-08-08 13:28:56');
INSERT INTO `consult_contract` VALUES ('000000000032', '452323197509210034', '106174', '0', '2016-08-08 13:28:56');
INSERT INTO `consult_contract` VALUES ('000000000033', '452323196706181696', '105847', '0', '2016-08-08 13:28:56');
INSERT INTO `consult_contract` VALUES ('000000000034', '452323196901070780', '102170', '0', '2016-08-08 13:28:56');
INSERT INTO `consult_contract` VALUES ('000000000035', '452323196905132811', '407027', '0', '2016-08-08 13:28:56');
INSERT INTO `consult_contract` VALUES ('000000000036', '452323198305026117', '100924', '0', '2016-08-08 13:28:56');
INSERT INTO `consult_contract` VALUES ('000000000037', '452323196808152239', '201538', '0', '2016-08-08 13:28:56');
INSERT INTO `consult_contract` VALUES ('000000000038', '452323197710102908', '101288', '0', '2016-08-08 13:28:56');
INSERT INTO `consult_contract` VALUES ('000000000039', '452323197308132834', '402181', '0', '2016-08-08 13:28:56');
INSERT INTO `consult_contract` VALUES ('000000000040', '452323197510220045', '201036', '0', '2016-08-08 13:28:56');
INSERT INTO `consult_contract` VALUES ('000000000041', '452323197704251958', '401715', '0', '2016-08-08 13:28:56');
INSERT INTO `consult_contract` VALUES ('000000000042', '452323196809072345', '201529', '0', '2016-08-08 13:28:56');
INSERT INTO `consult_contract` VALUES ('000000000043', '452323197603102224', '101404', '0', '2016-08-08 13:28:56');
INSERT INTO `consult_contract` VALUES ('000000000044', '452323198109133118', '101032', '0', '2016-08-08 13:28:56');
INSERT INTO `consult_contract` VALUES ('000000000045', '452323196708180769', '102326', '0', '2016-08-08 13:28:56');
INSERT INTO `consult_contract` VALUES ('000000000046', '452323198006143145', '300241', '0', '2016-08-08 13:28:56');
INSERT INTO `consult_contract` VALUES ('000000000047', '452323197103013129', '101903', '0', '2016-08-08 13:28:56');
INSERT INTO `consult_contract` VALUES ('000000000048', '452323196502192270', '201818', '0', '2016-08-08 13:28:56');
INSERT INTO `consult_contract` VALUES ('000000000049', '452323198002130726', '407695', '0', '2016-08-08 13:28:56');
INSERT INTO `consult_contract` VALUES ('000000000050', '452323197112075225', '204094', '0', '2016-08-08 13:28:56');
INSERT INTO `consult_contract` VALUES ('000000000051', '450324198409261618', '301074', '0', '2016-08-08 13:28:56');
INSERT INTO `consult_contract` VALUES ('000000000052', '452323196510032840', '408187', '0', '2016-08-08 13:28:56');
INSERT INTO `consult_contract` VALUES ('000000000053', '452323196702163773', '105079', '0', '2016-08-08 13:28:56');
INSERT INTO `consult_contract` VALUES ('000000000054', '450324198812106116', '104308', '0', '2016-08-08 13:28:56');
INSERT INTO `consult_contract` VALUES ('000000000055', '452324198204150318', '106016', '0', '2016-08-08 13:28:56');
INSERT INTO `consult_contract` VALUES ('000000000056', '452323197412041940', '101521', '0', '2016-08-08 13:28:56');
INSERT INTO `consult_contract` VALUES ('000000000057', '452324196801130391', '407126', '0', '2016-08-08 13:28:56');
INSERT INTO `consult_contract` VALUES ('000000000058', '452324196502110323', '105422', '0', '2016-08-08 13:28:56');
INSERT INTO `consult_contract` VALUES ('000000000059', '452324197006240342', '200309', '0', '2016-08-08 13:28:56');
INSERT INTO `consult_contract` VALUES ('000000000060', '452324197508132421', '408007', '0', '2016-08-08 13:28:56');
INSERT INTO `consult_contract` VALUES ('000000000061', '452324197205020326', '301309', '0', '2016-08-08 13:28:56');
INSERT INTO `consult_contract` VALUES ('000000000062', '452324198209010373', '204578', '0', '2016-08-08 13:28:56');
INSERT INTO `consult_contract` VALUES ('000000000063', '452323197608112528', '200995', '0', '2016-08-08 13:28:56');
INSERT INTO `consult_contract` VALUES ('000000000064', '452323197202150794', '402345', '0', '2016-08-08 13:28:56');
INSERT INTO `consult_contract` VALUES ('000000000065', '452323197411121623', '402003', '0', '2016-08-08 13:28:56');
INSERT INTO `consult_contract` VALUES ('000000000066', '450324198503176524', '104826', '0', '2016-08-08 13:28:56');
INSERT INTO `consult_contract` VALUES ('000000000067', '452323197404272546', '407321', '0', '2016-08-08 13:28:56');
INSERT INTO `consult_contract` VALUES ('000000000068', '452323197906164318', '401525', '0', '2016-08-08 13:28:56');
INSERT INTO `consult_contract` VALUES ('000000000069', '452323196607253439', '403111', '0', '2016-08-08 13:28:56');
INSERT INTO `consult_contract` VALUES ('000000000070', '452323197208151683', '101757', '0', '2016-08-08 13:28:56');
INSERT INTO `consult_contract` VALUES ('000000000071', '452324196811261520', '105806', '0', '2016-08-08 13:28:56');
INSERT INTO `consult_contract` VALUES ('000000000072', '452324197105011553', '106225', '0', '2016-08-08 13:28:56');
INSERT INTO `consult_contract` VALUES ('000000000073', '452323197201134629', '402362', '0', '2016-08-08 13:28:56');
INSERT INTO `consult_contract` VALUES ('000000000074', '452323197910281920', '101152', '0', '2016-08-08 13:28:56');
INSERT INTO `consult_contract` VALUES ('000000000075', '45232319810817003X', '105870', '0', '2016-08-08 13:28:56');
INSERT INTO `consult_contract` VALUES ('000000000076', '452323196408041089', '403420', '0', '2016-08-08 13:28:56');
INSERT INTO `consult_contract` VALUES ('000000000077', '452322197204062441', '105464', '0', '2016-08-08 13:28:56');
INSERT INTO `consult_contract` VALUES ('000000000078', '452324196903118916', '400591', '0', '2016-08-08 13:28:56');
INSERT INTO `consult_contract` VALUES ('000000000079', '452324197705131225', '400275', '0', '2016-08-08 13:28:56');
INSERT INTO `consult_contract` VALUES ('000000000080', '45232419670215032X', '100537', '0', '2016-08-08 13:28:56');
INSERT INTO `consult_contract` VALUES ('000000000081', '452324196310100913', '200547', '0', '2016-08-08 13:28:56');
INSERT INTO `consult_contract` VALUES ('000000000082', '452324196512101244', '400785', '0', '2016-08-08 13:28:56');
INSERT INTO `consult_contract` VALUES ('000000000083', '452323197210102020', '204390', '0', '2016-08-08 13:28:56');
INSERT INTO `consult_contract` VALUES ('000000000084', '452323196302042825', '403627', '0', '2016-08-08 13:28:56');
INSERT INTO `consult_contract` VALUES ('000000000085', '452323196506011641', '102535', '0', '2016-08-08 13:28:56');
INSERT INTO `consult_contract` VALUES ('000000000086', '452323198206285850', '106212', '0', '2016-08-08 13:28:56');
INSERT INTO `consult_contract` VALUES ('000000000087', '452323196803071915', '204577', '0', '2016-08-08 13:28:56');
INSERT INTO `consult_contract` VALUES ('000000000088', '452323196311032530', '406978', '0', '2016-08-08 13:28:56');
INSERT INTO `consult_contract` VALUES ('000000000089', '452323196304212840', '201943', '0', '2016-08-08 13:28:56');
INSERT INTO `consult_contract` VALUES ('000000000090', '452323196812262510', '407922', '0', '2016-08-08 13:28:56');
INSERT INTO `consult_contract` VALUES ('000000000091', '452323196503032586', '203911', '0', '2016-08-08 13:28:56');
INSERT INTO `consult_contract` VALUES ('000000000092', '452323196906062544', '204328', '0', '2016-08-08 13:28:56');
INSERT INTO `consult_contract` VALUES ('000000000093', '452722197307224572', '400017', '0', '2016-08-08 13:28:56');
INSERT INTO `consult_contract` VALUES ('000000000094', '452323196502223137', '102558', '0', '2016-08-08 13:28:56');
INSERT INTO `consult_contract` VALUES ('000000000095', '452323197111241949', '105206', '0', '2016-08-08 13:28:56');
INSERT INTO `consult_contract` VALUES ('000000000096', '452323198010272513', '300238', '0', '2016-08-08 13:28:56');
INSERT INTO `consult_contract` VALUES ('000000000097', '45032419911123315X', '407794', '0', '2016-08-08 13:28:56');
INSERT INTO `consult_contract` VALUES ('000000000098', '452323197312273728', '105903', '0', '2016-08-08 13:28:56');
INSERT INTO `consult_contract` VALUES ('000000000099', '452323198107061632', '406519', '0', '2016-08-08 13:28:56');
INSERT INTO `consult_contract` VALUES ('000000000100', '452323196312010763', '407433', '0', '2016-08-08 13:28:56');
INSERT INTO `consult_contract` VALUES ('000000000101', '452323197501300748', '204540', '0', '2016-08-08 13:28:56');
INSERT INTO `consult_contract` VALUES ('000000000102', '452323197410102244', '407770', '0', '2016-08-08 13:28:56');
INSERT INTO `consult_contract` VALUES ('000000000103', '452324198309020368', '400154', '0', '2016-08-08 13:28:56');
INSERT INTO `consult_contract` VALUES ('000000000104', '452323196304151988', '408202', '0', '2016-08-08 13:28:56');
INSERT INTO `consult_contract` VALUES ('000000000105', '452324197506281247', '100239', '0', '2016-08-08 13:28:56');
INSERT INTO `consult_contract` VALUES ('000000000106', '452324197105071281', '400489', '0', '2016-08-08 13:28:56');
INSERT INTO `consult_contract` VALUES ('000000000107', '450327198905041218', '403972', '0', '2016-08-08 13:28:56');
INSERT INTO `consult_contract` VALUES ('000000000108', '450324198410253770', '105182', '0', '2016-08-08 13:28:56');
INSERT INTO `consult_contract` VALUES ('000000000109', '452323198001274920', '407020', '0', '2016-08-08 13:28:56');
INSERT INTO `consult_contract` VALUES ('000000000110', '452323196208014924', '403700', '0', '2016-08-08 13:28:56');
INSERT INTO `consult_contract` VALUES ('000000000111', '452324198306250934', '106372', '0', '2016-08-08 13:28:56');
INSERT INTO `consult_contract` VALUES ('000000000112', '452323197612256129', '101336', '0', '2016-08-08 13:28:56');
INSERT INTO `consult_contract` VALUES ('000000000113', '452323197212270714', '402244', '0', '2016-08-08 13:28:56');
INSERT INTO `consult_contract` VALUES ('000000000114', '450324199202023713', '204579', '0', '2016-08-08 13:28:56');
INSERT INTO `consult_contract` VALUES ('000000000115', '452323197011193740', '101941', '0', '2016-08-08 13:28:56');
INSERT INTO `consult_contract` VALUES ('000000000116', '452324196509190346', '104971', '0', '2016-08-08 13:28:56');
INSERT INTO `consult_contract` VALUES ('000000000117', '452323197510022241', '204314', '0', '2016-08-08 13:28:56');
INSERT INTO `consult_contract` VALUES ('000000000118', '452323197909153729', '204150', '0', '2016-08-08 13:28:56');
INSERT INTO `consult_contract` VALUES ('000000000119', '452323198008090083', '407893', '0', '2016-08-08 13:28:56');
INSERT INTO `consult_contract` VALUES ('000000000120', '450324198604074922', '104729', '0', '2016-08-08 13:28:56');
INSERT INTO `consult_contract` VALUES ('000000000121', '452323197309262227', '301287', '0', '2016-08-08 13:28:56');
INSERT INTO `consult_contract` VALUES ('000000000122', '452323197108212223', '407450', '0', '2016-08-08 13:28:56');
INSERT INTO `consult_contract` VALUES ('000000000123', '452324197711161308', '104954', '0', '2016-08-08 13:28:56');
INSERT INTO `consult_contract` VALUES ('000000000124', '452323196205292240', '403729', '0', '2016-08-08 13:28:56');
INSERT INTO `consult_contract` VALUES ('000000000125', '452324197509020341', '400323', '0', '2016-08-08 13:28:56');
INSERT INTO `consult_contract` VALUES ('000000000126', '452324197603070943', '106310', '0', '2016-08-08 13:28:56');
INSERT INTO `consult_contract` VALUES ('000000000127', '431102197210300046', '408188', '0', '2016-08-08 13:28:56');
INSERT INTO `consult_contract` VALUES ('000000000128', '45232419741206038X', '400340', '0', '2016-08-08 13:28:56');
INSERT INTO `consult_contract` VALUES ('000000000129', '452323197108274635', '300417', '0', '2016-08-08 13:28:56');
INSERT INTO `consult_contract` VALUES ('000000000130', '452324197702271521', '203532', '0', '2016-08-08 13:28:56');
INSERT INTO `consult_contract` VALUES ('000000000131', '452324197210061587', '408008', '0', '2016-08-08 13:28:56');
INSERT INTO `consult_contract` VALUES ('000000000132', '452324197411161541', '400341', '0', '2016-08-08 13:28:56');
INSERT INTO `consult_contract` VALUES ('000000000133', '452324197601021566', '400310', '0', '2016-08-08 13:28:56');
INSERT INTO `consult_contract` VALUES ('000000000134', '452324197101250928', '408231', '0', '2016-08-08 13:28:56');
INSERT INTO `consult_contract` VALUES ('000000000135', '452324196502211546', '400858', '0', '2016-08-08 13:28:56');
INSERT INTO `consult_contract` VALUES ('000000000136', '452324197402101563', '105083', '0', '2016-08-08 13:28:56');
INSERT INTO `consult_contract` VALUES ('000000000137', '452324196511201526', '100594', '0', '2016-08-08 13:28:56');
INSERT INTO `consult_contract` VALUES ('000000000138', '45232419651125154X', '203959', '0', '2016-08-08 13:28:56');
INSERT INTO `consult_contract` VALUES ('000000000139', '452324196803191526', '100490', '0', '2016-08-08 13:28:56');
INSERT INTO `consult_contract` VALUES ('000000000140', '45232419750513152X', '300042', '0', '2016-08-08 13:28:56');
INSERT INTO `consult_contract` VALUES ('000000000141', '452324196310151622', '204425', '0', '2016-08-08 13:28:56');
INSERT INTO `consult_contract` VALUES ('000000000142', '452324196111171524', '401110', '0', '2016-08-08 13:28:56');
INSERT INTO `consult_contract` VALUES ('000000000143', '45232419601112152X', '401130', '0', '2016-08-08 13:28:56');
INSERT INTO `consult_contract` VALUES ('000000000144', '452324197907201535', '200121', '0', '2016-08-08 13:28:56');
INSERT INTO `consult_contract` VALUES ('000000000145', '452324196301191534', '200578', '0', '2016-08-08 13:28:56');
INSERT INTO `consult_contract` VALUES ('000000000146', '452324196105011540', '401121', '0', '2016-08-08 13:28:56');
INSERT INTO `consult_contract` VALUES ('000000000147', '452324196209171549', '105359', '0', '2016-08-08 13:28:56');
INSERT INTO `consult_contract` VALUES ('000000000148', '452324197808031526', '200130', '0', '2016-08-08 13:28:56');
INSERT INTO `consult_contract` VALUES ('000000000149', '452324196806261526', '106394', '0', '2016-08-08 13:28:56');
INSERT INTO `consult_contract` VALUES ('000000000150', '452324196810051580', '400619', '0', '2016-08-08 13:28:56');
INSERT INTO `consult_contract` VALUES ('000000000151', '452324196705071547', '400701', '0', '2016-08-08 13:28:56');
INSERT INTO `consult_contract` VALUES ('000000000152', '452324197502131516', '204269', '0', '2016-08-08 13:28:56');
INSERT INTO `consult_contract` VALUES ('000000000153', '452324196310081580', '105360', '0', '2016-08-08 13:28:56');
INSERT INTO `consult_contract` VALUES ('000000000154', '452323197102012589', '204473', '0', '2016-08-08 13:28:56');
INSERT INTO `consult_contract` VALUES ('000000000155', '452324197301161516', '400422', '0', '2016-08-08 13:28:56');
INSERT INTO `consult_contract` VALUES ('000000000156', '452323196305245863', '403561', '0', '2016-08-08 13:28:56');
INSERT INTO `consult_contract` VALUES ('000000000157', '452324196901120342', '105403', '0', '2016-08-08 13:28:56');
INSERT INTO `consult_contract` VALUES ('000000000158', '45232419640202126X', '408106', '0', '2016-08-08 13:28:56');
INSERT INTO `consult_contract` VALUES ('000000000159', '452323197810134966', '401589', '0', '2016-08-08 13:28:56');
INSERT INTO `consult_contract` VALUES ('000000000160', '452323196803140423', '408232', '0', '2016-08-08 13:28:56');
INSERT INTO `consult_contract` VALUES ('000000000161', '452323196301051017', '403634', '0', '2016-08-08 13:28:56');
INSERT INTO `consult_contract` VALUES ('000000000162', '452323197101140802', '204543', '0', '2016-08-08 13:28:56');
INSERT INTO `consult_contract` VALUES ('000000000163', '450324199401173415', '404333', '0', '2016-08-08 13:28:56');
INSERT INTO `consult_contract` VALUES ('000000000164', '450324198803303425', '301098', '0', '2016-08-08 13:28:56');
INSERT INTO `consult_contract` VALUES ('000000000165', '450324198802131959', '106119', '0', '2016-08-08 13:28:56');
INSERT INTO `consult_contract` VALUES ('000000000166', '45232319650104222X', '408034', '0', '2016-08-08 13:28:56');
INSERT INTO `consult_contract` VALUES ('000000000167', '452324198310142020', '204073', '0', '2016-08-08 13:28:56');
INSERT INTO `consult_contract` VALUES ('000000000168', '452324196609061322', '400737', '0', '2016-08-08 13:28:56');
INSERT INTO `consult_contract` VALUES ('000000000169', '452324197107270989', '100353', '0', '2016-08-08 13:28:56');
INSERT INTO `consult_contract` VALUES ('000000000170', '452324196205210352', '408200', '0', '2016-08-08 13:28:56');
INSERT INTO `consult_contract` VALUES ('000000000171', '452323197704174657', '200941', '0', '2016-08-08 13:28:56');
INSERT INTO `consult_contract` VALUES ('000000000172', '45232319651111002X', '106162', '0', '2016-08-08 13:28:56');
INSERT INTO `consult_contract` VALUES ('000000000173', '452323196210202289', '204492', '0', '2016-08-08 13:28:56');
INSERT INTO `consult_contract` VALUES ('000000000174', '450324199012143415', '407395', '0', '2016-08-08 13:28:56');
INSERT INTO `consult_contract` VALUES ('000000000175', '452324196808010317', '204020', '0', '2016-08-08 13:28:56');
INSERT INTO `consult_contract` VALUES ('000000000176', '452324197606020319', '100222', '0', '2016-08-08 13:28:56');
INSERT INTO `consult_contract` VALUES ('000000000177', '452324197812040329', '200125', '0', '2016-08-08 13:28:56');
INSERT INTO `consult_contract` VALUES ('000000000178', '452324197310131829', '400390', '0', '2016-08-08 13:28:56');
INSERT INTO `consult_contract` VALUES ('000000000179', '452324196609132223', '400734', '0', '2016-08-08 13:28:56');
INSERT INTO `consult_contract` VALUES ('000000000180', '452324196102250327', '300182', '0', '2016-08-08 13:28:56');
INSERT INTO `consult_contract` VALUES ('000000000181', '450324198907026514', '202964', '0', '2016-08-08 13:28:56');
INSERT INTO `consult_contract` VALUES ('000000000182', '452323197909183741', '105150', '0', '2016-08-08 13:28:56');
INSERT INTO `consult_contract` VALUES ('000000000183', '452323197906243737', '105156', '0', '2016-08-08 13:28:56');
INSERT INTO `consult_contract` VALUES ('000000000184', '452324197901222212', '400237', '0', '2016-08-08 13:28:56');
INSERT INTO `consult_contract` VALUES ('000000000185', '452323197209224610', '101744', '0', '2016-08-08 13:28:56');
INSERT INTO `consult_contract` VALUES ('000000000186', '452324198005032220', '100156', '0', '2016-08-08 13:28:56');
INSERT INTO `consult_contract` VALUES ('000000000187', '452324197605051228', '100223', '0', '2016-08-08 13:28:56');
INSERT INTO `consult_contract` VALUES ('000000000188', '452324197310070325', '100294', '0', '2016-08-08 13:28:56');
INSERT INTO `consult_contract` VALUES ('000000000189', '452324196712261234', '105566', '0', '2016-08-08 13:28:56');
INSERT INTO `consult_contract` VALUES ('000000000190', '450324198905110413', '300903', '0', '2016-08-08 13:28:56');
INSERT INTO `consult_contract` VALUES ('000000000191', '452324196510290344', '200449', '0', '2016-08-08 13:28:56');
INSERT INTO `consult_contract` VALUES ('000000000192', '452323197909135846', '301167', '0', '2016-08-08 13:28:56');
INSERT INTO `consult_contract` VALUES ('000000000193', '450324199707124915', '301323', '0', '2016-08-08 13:28:56');
INSERT INTO `consult_contract` VALUES ('000000000194', '450325198504051260', '103171', '0', '2016-08-08 13:28:56');
INSERT INTO `consult_contract` VALUES ('000000000195', '45232419641023031X', '105477', '0', '2016-08-08 13:28:56');
INSERT INTO `consult_contract` VALUES ('000000000196', '452324196308060369', '100724', '0', '2016-08-08 13:28:56');
INSERT INTO `consult_contract` VALUES ('000000000197', '452324196206080350', '401072', '0', '2016-08-08 13:28:56');
INSERT INTO `consult_contract` VALUES ('000000000198', '452324196301240375', '106373', '0', '2016-08-08 13:28:56');
INSERT INTO `consult_contract` VALUES ('000000000199', '452324196410010966', '203936', '0', '2016-08-08 13:28:56');
INSERT INTO `consult_contract` VALUES ('000000000200', '452323197506291924', '203841', '0', '2016-08-08 13:28:56');
INSERT INTO `consult_contract` VALUES ('000000000201', '452323197706061621', '203842', '0', '2016-08-08 13:28:56');
INSERT INTO `consult_contract` VALUES ('000000000202', '450324198410295823', '204522', '0', '2016-08-08 13:28:56');
INSERT INTO `consult_contract` VALUES ('000000000203', '452323196406182216', '102644', '0', '2016-08-08 13:28:56');
INSERT INTO `consult_contract` VALUES ('000000000204', '452324196702151218', '100536', '0', '2016-08-08 13:28:56');
INSERT INTO `consult_contract` VALUES ('000000000205', '452323197009050812', '301123', '0', '2016-08-08 13:28:56');
INSERT INTO `consult_contract` VALUES ('000000000206', '452322196709111531', '407790', '0', '2016-08-08 13:28:56');
INSERT INTO `consult_contract` VALUES ('000000000207', '452323198309253149', '407427', '0', '2016-08-08 13:28:56');
INSERT INTO `consult_contract` VALUES ('000000000208', '450324199005062828', '405079', '0', '2016-08-08 13:28:56');
INSERT INTO `consult_contract` VALUES ('000000000209', '452323197003232826', '402604', '0', '2016-08-08 13:28:56');
INSERT INTO `consult_contract` VALUES ('000000000210', '452323196201272824', '403772', '0', '2016-08-08 13:28:56');
INSERT INTO `consult_contract` VALUES ('000000000211', '452323196312072825', '403487', '0', '2016-08-08 13:28:56');
INSERT INTO `consult_contract` VALUES ('000000000212', '45232319720715257X', '201257', '0', '2016-08-08 13:28:56');
INSERT INTO `consult_contract` VALUES ('000000000213', '450324198904143416', '408150', '0', '2016-08-08 13:28:56');
INSERT INTO `consult_contract` VALUES ('000000000214', '452323198311173420', '204426', '0', '2016-08-08 13:28:56');
INSERT INTO `consult_contract` VALUES ('000000000215', '452323196907144947', '408198', '0', '2016-08-08 13:28:56');
INSERT INTO `consult_contract` VALUES ('000000000216', '452323197404011928', '204255', '0', '2016-08-08 13:28:56');
INSERT INTO `consult_contract` VALUES ('000000000217', '452323197904222844', '106308', '0', '2016-08-08 13:28:56');
INSERT INTO `consult_contract` VALUES ('000000000218', '452323197701194038', '300285', '0', '2016-08-08 13:28:56');
INSERT INTO `consult_contract` VALUES ('000000000219', '452323196904072810', '203839', '0', '2016-08-08 13:28:56');
INSERT INTO `consult_contract` VALUES ('000000000220', '452323197103133753', '406964', '0', '2016-08-08 13:28:56');
INSERT INTO `consult_contract` VALUES ('000000000221', '452323197012153767', '101928', '0', '2016-08-08 13:28:56');
INSERT INTO `consult_contract` VALUES ('000000000222', '452323196603012216', '106419', '0', '2016-08-08 13:28:56');
INSERT INTO `consult_contract` VALUES ('000000000223', '450325198905041223', '204051', '0', '2016-08-08 13:28:56');
INSERT INTO `consult_contract` VALUES ('000000000224', '45232319660313079X', '201724', '0', '2016-08-08 13:28:56');
INSERT INTO `consult_contract` VALUES ('000000000225', '452324197212210929', '100319', '0', '2016-08-08 13:28:56');
INSERT INTO `consult_contract` VALUES ('000000000226', '450325199711290322', '204262', '0', '2016-08-08 13:28:56');
INSERT INTO `consult_contract` VALUES ('000000000227', '450325198404222018', '404127', '0', '2016-08-08 13:28:56');
INSERT INTO `consult_contract` VALUES ('000000000228', '452323196308142528', '201921', '0', '2016-08-08 13:28:56');
INSERT INTO `consult_contract` VALUES ('000000000229', '452323196608120726', '201694', '0', '2016-08-08 13:28:56');
INSERT INTO `consult_contract` VALUES ('000000000230', '45232319680822524X', '102209', '0', '2016-08-08 13:28:56');
INSERT INTO `consult_contract` VALUES ('000000000231', '452324197009060654', '407057', '0', '2016-08-08 13:28:56');
INSERT INTO `consult_contract` VALUES ('000000000232', '452323196805061657', '201563', '0', '2016-08-08 13:28:56');
INSERT INTO `consult_contract` VALUES ('000000000233', '452323197309031621', '201176', '0', '2016-08-08 13:28:56');
INSERT INTO `consult_contract` VALUES ('000000000234', '450324198807126147', '203124', '0', '2016-08-08 13:28:56');
INSERT INTO `consult_contract` VALUES ('000000000235', '452323197711243737', '401661', '0', '2016-08-08 13:28:56');
INSERT INTO `consult_contract` VALUES ('000000000236', '450324198712124923', '104498', '0', '2016-08-08 13:28:56');
INSERT INTO `consult_contract` VALUES ('000000000237', '452323198210210739', '100956', '0', '2016-08-08 13:28:56');
INSERT INTO `consult_contract` VALUES ('000000000238', '452323197303171324', '300383', '0', '2016-08-08 13:28:56');
INSERT INTO `consult_contract` VALUES ('000000000239', '45032419890129282X', '105617', '0', '2016-08-08 13:28:56');
INSERT INTO `consult_contract` VALUES ('000000000240', '452323197708102511', '106133', '0', '2016-08-08 13:28:56');
INSERT INTO `consult_contract` VALUES ('000000000241', '450324199409086121', '202326', '0', '2016-08-08 13:28:56');
INSERT INTO `consult_contract` VALUES ('000000000242', '450324199305171938', '106115', '0', '2016-08-08 13:28:56');
INSERT INTO `consult_contract` VALUES ('000000000243', '452323196301080432', '407741', '0', '2016-08-08 13:28:56');
INSERT INTO `consult_contract` VALUES ('000000000244', '452323196311200426', '204235', '0', '2016-08-08 13:28:56');
INSERT INTO `consult_contract` VALUES ('000000000245', '452323196707040449', '106304', '0', '2016-08-08 13:28:56');
INSERT INTO `consult_contract` VALUES ('000000000246', '452323198112033142', '401332', '0', '2016-08-08 13:28:56');
INSERT INTO `consult_contract` VALUES ('000000000247', '452231196307011029', '403909', '0', '2016-08-08 13:28:56');
INSERT INTO `consult_contract` VALUES ('000000000248', '452323197310242522', '402138', '0', '2016-08-08 13:28:56');
INSERT INTO `consult_contract` VALUES ('000000000249', '452323196704033147', '201650', '0', '2016-08-08 13:28:56');
INSERT INTO `consult_contract` VALUES ('000000000250', '450324198708175234', '406680', '0', '2016-08-08 13:28:56');
INSERT INTO `consult_contract` VALUES ('000000000251', '452323198109095238', '401359', '0', '2016-08-08 13:28:56');
INSERT INTO `consult_contract` VALUES ('000000000252', '450324199309223424', '202390', '0', '2016-08-08 13:28:56');
INSERT INTO `consult_contract` VALUES ('000000000253', '45232319730423522X', '101683', '0', '2016-08-08 13:28:56');
INSERT INTO `consult_contract` VALUES ('000000000254', '452323196901042819', '201490', '0', '2016-08-08 13:28:56');
INSERT INTO `consult_contract` VALUES ('000000000255', '45032419900411653X', '103961', '0', '2016-08-08 13:28:56');
INSERT INTO `consult_contract` VALUES ('000000000256', '450324199405084022', '404301', '0', '2016-08-08 13:28:56');
INSERT INTO `consult_contract` VALUES ('000000000257', '452323197910260759', '401487', '0', '2016-08-08 13:28:56');
INSERT INTO `consult_contract` VALUES ('000000000258', '45232319781004221X', '401595', '0', '2016-08-08 13:28:56');
INSERT INTO `consult_contract` VALUES ('000000000259', '452323197501093136', '101512', '0', '2016-08-08 13:28:56');
INSERT INTO `consult_contract` VALUES ('000000000260', '45032419900327320X', '103968', '0', '2016-08-08 13:28:56');
INSERT INTO `consult_contract` VALUES ('000000000261', '450325199209031210', '202186', '0', '2016-08-08 13:28:56');
INSERT INTO `consult_contract` VALUES ('000000000262', '452323196401170048', '201889', '0', '2016-08-08 13:28:56');
INSERT INTO `consult_contract` VALUES ('000000000263', '45232319621201074X', '403656', '0', '2016-08-08 13:28:56');
INSERT INTO `consult_contract` VALUES ('000000000264', '452323198309053120', '200675', '0', '2016-08-08 13:28:56');
INSERT INTO `consult_contract` VALUES ('000000000265', '452323196107070732', '202082', '0', '2016-08-08 13:28:56');
INSERT INTO `consult_contract` VALUES ('000000000266', '452324197409211247', '204305', '0', '2016-08-08 13:28:56');
INSERT INTO `consult_contract` VALUES ('000000000267', '452323198012204629', '401399', '0', '2016-08-08 13:28:56');
INSERT INTO `consult_contract` VALUES ('000000000268', '452323197910190439', '200812', '0', '2016-08-08 13:28:56');
INSERT INTO `consult_contract` VALUES ('000000000269', '452323197212071643', '101715', '0', '2016-08-08 13:28:56');
INSERT INTO `consult_contract` VALUES ('000000000270', '452323196603200807', '102456', '0', '2016-08-08 13:28:56');
INSERT INTO `consult_contract` VALUES ('000000000271', '452323196810102548', '402801', '0', '2016-08-08 13:28:56');
INSERT INTO `consult_contract` VALUES ('000000000272', '452323196909021916', '102106', '0', '2016-08-08 13:28:56');
INSERT INTO `consult_contract` VALUES ('000000000273', '452323196311120725', '403496', '0', '2016-08-08 13:28:56');
INSERT INTO `consult_contract` VALUES ('000000000274', '452323197609035245', '407712', '0', '2016-08-08 13:28:56');
INSERT INTO `consult_contract` VALUES ('000000000275', '452324197106050933', '400486', '0', '2016-08-08 13:28:56');
INSERT INTO `consult_contract` VALUES ('000000000276', '450324198604243458', '104725', '0', '2016-08-08 13:28:56');
INSERT INTO `consult_contract` VALUES ('000000000277', '45232319691203315X', '402640', '0', '2016-08-08 13:28:56');
INSERT INTO `consult_contract` VALUES ('000000000278', '450324198811201912', '203053', '0', '2016-08-08 13:28:56');
INSERT INTO `consult_contract` VALUES ('000000000279', '452323196710202226', '406590', '0', '2016-08-08 13:28:56');
INSERT INTO `consult_contract` VALUES ('000000000280', '450324199312226116', '103330', '0', '2016-08-08 13:28:56');
INSERT INTO `consult_contract` VALUES ('000000000281', '452323196609053158', '408197', '0', '2016-08-08 13:28:56');
INSERT INTO `consult_contract` VALUES ('000000000282', '450324199506292816', '103231', '0', '2016-08-08 13:28:56');
INSERT INTO `consult_contract` VALUES ('000000000283', '45032419950826005X', '103224', '0', '2016-08-08 13:28:56');
INSERT INTO `consult_contract` VALUES ('000000000284', '452323197705020721', '200940', '0', '2016-08-08 13:28:56');
INSERT INTO `consult_contract` VALUES ('000000000285', '452323197410044654', '101540', '0', '2016-08-08 13:28:56');
INSERT INTO `consult_contract` VALUES ('000000000286', '452323196202284640', '105428', '0', '2016-08-08 13:28:56');
INSERT INTO `consult_contract` VALUES ('000000000287', '452323198303305219', '203826', '0', '2016-08-08 13:28:56');
INSERT INTO `consult_contract` VALUES ('000000000288', '452323196609243154', '102409', '0', '2016-08-08 13:28:56');
INSERT INTO `consult_contract` VALUES ('000000000289', '452323196609165264', '102411', '0', '2016-08-08 13:28:56');

-- ----------------------------
-- Table structure for `consult_idcardinfo`
-- ----------------------------
DROP TABLE IF EXISTS `consult_idcardinfo`;
CREATE TABLE `consult_idcardinfo` (
  `psptId` varchar(20) COLLATE utf8_bin DEFAULT '',
  `Name` varchar(100) COLLATE utf8_bin DEFAULT NULL,
  `Birthday` date DEFAULT NULL,
  `Sex` varchar(1) COLLATE utf8_bin DEFAULT NULL,
  `Address` varchar(200) COLLATE utf8_bin DEFAULT NULL,
  `activeTime` datetime DEFAULT NULL COMMENT '身份信息表 consult_idcardinfo',
  `innerId` int(10) unsigned zerofill NOT NULL AUTO_INCREMENT,
  `picture` varchar(100) COLLATE utf8_bin DEFAULT NULL,
  `nation` varchar(10) COLLATE utf8_bin DEFAULT NULL,
  PRIMARY KEY (`innerId`)
) ENGINE=InnoDB AUTO_INCREMENT=14 DEFAULT CHARSET=utf8 COLLATE=utf8_bin;

-- ----------------------------
-- Records of consult_idcardinfo
-- ----------------------------
INSERT INTO `consult_idcardinfo` VALUES ('430981198805195113', '罗洋', '1988-05-19', '0', '沅江阳罗', '2016-07-21 17:09:41', '0000000001', 'D:\\static\\image\\2016-07-26\\doctorAutograph\\1469523116663.jpg', '汉');
INSERT INTO `consult_idcardinfo` VALUES ('430982198805195113', '罗洋', '1988-05-19', '0', '沅江阳罗', '2016-07-21 17:19:38', '0000000002', 'D:\\static\\image\\2016-07-26\\doctorAutograph\\1469523116663.jpg', '汉');
INSERT INTO `consult_idcardinfo` VALUES ('330981198805195113', '罗洋', '1988-05-19', '0', '沅江阳罗', '2016-07-21 17:09:41', '0000000003', 'D:\\static\\image\\2016-07-26\\doctorAutograph\\1469523116663.jpg', '汉');
INSERT INTO `consult_idcardinfo` VALUES ('430982198805195113', '罗洋', '1988-05-19', '0', '沅江阳罗', '2016-07-21 17:09:41', '0000000004', 'D:\\static\\image\\2016-07-26\\doctorAutograph\\1469523116663.jpg', '汉');
INSERT INTO `consult_idcardinfo` VALUES ('430981198805195114', '罗洋', '1988-05-19', '0', '湖南省益阳沅江市', '2016-09-06 22:26:18', '0000000005', 'www.baidu.com', '汉');
INSERT INTO `consult_idcardinfo` VALUES ('xxx', '测试1', '2019-00-00', '0', 'xxxx', '2017-08-17 00:00:00', '0000000012', 'xxxx', '1');
INSERT INTO `consult_idcardinfo` VALUES ('xxx', '测试2', '2019-00-00', '0', 'xxxx', '2017-08-17 00:00:00', '0000000013', 'xxxx', '1');

-- ----------------------------
-- Table structure for `consult_record`
-- ----------------------------
DROP TABLE IF EXISTS `consult_record`;
CREATE TABLE `consult_record` (
  `id` int(10) NOT NULL AUTO_INCREMENT,
  `psptId` varchar(20) COLLATE utf8_bin NOT NULL DEFAULT '',
  `activeTime` datetime DEFAULT NULL,
  `autograph` varchar(200) COLLATE utf8_bin DEFAULT '' COMMENT 'http://192.168.250.11/upload/image.png,//供浆者签名地址',
  `ispass` varchar(20) COLLATE utf8_bin DEFAULT NULL COMMENT '“TYGJ/ZSJJ/YJJJ”,//同意供浆、暂时拒绝、永久拒绝',
  `docautograph` varchar(200) COLLATE utf8_bin DEFAULT NULL COMMENT 'http://192.168.250.11/upload/image.png,//医生签名地址',
  `fingerprint` varchar(200) COLLATE utf8_bin DEFAULT NULL COMMENT 'http://192.168.250.11/upload/image.png,//指纹图片表',
  `remark` varchar(200) COLLATE utf8_bin DEFAULT NULL COMMENT '“fldajfkldsjlkafjsdljf” 备注',
  `print_flag` varchar(1) COLLATE utf8_bin DEFAULT NULL,
  `hand_state` varchar(1) COLLATE utf8_bin DEFAULT 'N' COMMENT 'N--为处理。B--正在处理，C--处理完成',
  PRIMARY KEY (`id`)
) ENGINE=InnoDB AUTO_INCREMENT=30 DEFAULT CHARSET=utf8 COLLATE=utf8_bin;

-- ----------------------------
-- Records of consult_record
-- ----------------------------
INSERT INTO `consult_record` VALUES ('1', '430981198805195113', '2017-03-20 00:00:00', 'D:\\static\\image\\2016-07-26\\doctorAutograph\\1469523116663.jpg', 'TYGJ', 'D:\\static\\image\\2016-07-26\\doctorAutograph\\1469523116663.jpg', 'D:\\static\\image\\2016-07-26\\doctorAutograph\\1469523116663.jpg', '罗要4', 'Y', 'B');
INSERT INTO `consult_record` VALUES ('2', '430981198805195113', '2017-03-20 00:00:00', 'D:\\static\\image\\2016-07-26\\doctorAutograph\\1469523116663.jpg', 'TYGJ', 'D:\\static\\image\\2016-07-26\\doctorAutograph\\1469523116663.jpg', 'D:\\static\\image\\2016-07-26\\doctorAutograph\\1469523116663.jpg', '罗要4', 'Y', 'B');
INSERT INTO `consult_record` VALUES ('3', '430981198805195113', '2017-03-20 00:00:00', 'D:\\static\\image\\2016-07-26\\doctorAutograph\\1469523116663.jpg', 'TYGJ', 'D:\\static\\image\\2016-07-26\\doctorAutograph\\1469523116663.jpg', 'D:\\static\\image\\2016-07-26\\doctorAutograph\\1469523116663.jpg', '罗要4', 'Y', 'N');
INSERT INTO `consult_record` VALUES ('4', '430981198805195113', '2017-03-20 00:00:00', 'D:\\static\\image\\2016-07-26\\doctorAutograph\\1469523116663.jpg', 'TYGJ', 'D:\\static\\image\\2016-07-26\\doctorAutograph\\1469523116663.jpg', 'D:\\static\\image\\2016-07-26\\doctorAutograph\\1469523116663.jpg', '罗要4', 'Y', 'N');
INSERT INTO `consult_record` VALUES ('5', '430981198805195113', '2017-03-20 00:00:00', 'D:\\static\\image\\2016-07-26\\doctorAutograph\\1469523116663.jpg', 'TYGJ', 'D:\\static\\image\\2016-07-26\\doctorAutograph\\1469523116663.jpg', 'D:\\static\\image\\2016-07-26\\doctorAutograph\\1469523116663.jpg', '罗要4', 'Y', 'N');
INSERT INTO `consult_record` VALUES ('6', '430981198805195113', '2017-03-20 00:00:00', 'D:\\static\\image\\2016-07-26\\doctorAutograph\\1469523116663.jpg', 'TYGJ', 'D:\\static\\image\\2016-07-26\\doctorAutograph\\1469523116663.jpg', 'D:\\static\\image\\2016-07-26\\doctorAutograph\\1469523116663.jpg', '罗要4', 'Y', 'N');
INSERT INTO `consult_record` VALUES ('7', '430981198805195113', '2017-03-20 00:00:00', 'D:\\static\\image\\2016-07-26\\doctorAutograph\\1469523116663.jpg', 'TYGJ', 'D:\\static\\image\\2016-07-26\\doctorAutograph\\1469523116663.jpg', 'D:\\static\\image\\2016-07-26\\doctorAutograph\\1469523116663.jpg', '罗要4', 'Y', 'N');
INSERT INTO `consult_record` VALUES ('8', '430981198805195113', '2017-03-20 00:00:00', 'D:\\static\\image\\2016-07-26\\doctorAutograph\\1469523116663.jpg', 'TYGJ', 'D:\\static\\image\\2016-07-26\\doctorAutograph\\1469523116663.jpg', 'D:\\static\\image\\2016-07-26\\doctorAutograph\\1469523116663.jpg', '罗要4', 'Y', 'N');
INSERT INTO `consult_record` VALUES ('9', '430981198805195113', '2017-03-20 00:00:00', 'D:\\static\\image\\2016-07-26\\doctorAutograph\\1469523116663.jpg', 'TYGJ', 'D:\\static\\image\\2016-07-26\\doctorAutograph\\1469523116663.jpg', 'D:\\static\\image\\2016-07-26\\doctorAutograph\\1469523116663.jpg', '罗要4', 'Y', 'N');
INSERT INTO `consult_record` VALUES ('10', '430981198805195113', '2017-03-20 00:00:00', 'D:\\static\\image\\2016-07-26\\doctorAutograph\\1469523116663.jpg', 'TYGJ', 'D:\\static\\image\\2016-07-26\\doctorAutograph\\1469523116663.jpg', 'D:\\static\\image\\2016-07-26\\doctorAutograph\\1469523116663.jpg', '罗要4', 'Y', 'N');
INSERT INTO `consult_record` VALUES ('11', '430981198805195113', '2017-03-20 00:00:00', 'D:\\static\\image\\2016-07-26\\doctorAutograph\\1469523116663.jpg', 'YJJJ', 'D:\\static\\image\\2016-07-26\\doctorAutograph\\1469522695467.jpg', 'D:\\static\\image\\2016-07-26\\doctorAutograph\\1469523116663.jpg', '罗要4', 'Y', 'C');
INSERT INTO `consult_record` VALUES ('12', '430981198805195113', '2017-03-20 00:00:00', 'D:\\static\\image\\2016-07-26\\doctorAutograph\\1469523116663.jpg', 'TYGJ', 'D:\\static\\image\\2016-07-26\\doctorAutograph\\1469523116663.jpg', 'D:\\static\\image\\2016-07-26\\doctorAutograph\\1469523116663.jpg', '罗要4', 'Y', 'N');
INSERT INTO `consult_record` VALUES ('13', '430981198805195113', '2017-03-20 00:00:00', 'D:\\static\\image\\2016-07-26\\doctorAutograph\\1469523116663.jpg', 'TYGJ', 'D:\\static\\image\\2016-07-26\\doctorAutograph\\1469523116663.jpg', 'D:\\static\\image\\2016-07-26\\doctorAutograph\\1469523116663.jpg', '罗要4', 'Y', 'N');
INSERT INTO `consult_record` VALUES ('14', '430981198805195113', '2017-03-20 00:00:00', 'D:\\static\\image\\2016-07-26\\doctorAutograph\\1469523116663.jpg', 'TYGJ', 'D:\\static\\image\\2016-07-26\\doctorAutograph\\1469523116663.jpg', 'D:\\static\\image\\2016-07-26\\doctorAutograph\\1469523116663.jpg', '罗要4', 'Y', 'N');
INSERT INTO `consult_record` VALUES ('15', '430981198805195113', '2017-03-20 00:00:00', 'D:\\static\\image\\2016-07-26\\doctorAutograph\\1469523116663.jpg', 'TYGJ', 'D:\\static\\image\\2016-07-26\\doctorAutograph\\1469523116663.jpg', 'D:\\static\\image\\2016-07-26\\doctorAutograph\\1469523116663.jpg', '罗要4', 'Y', 'N');
INSERT INTO `consult_record` VALUES ('16', '430981198805195113', '2017-03-20 00:00:00', 'D:\\static\\image\\2016-07-26\\doctorAutograph\\1469523116663.jpg', 'TYGJ', 'D:\\static\\image\\2016-07-26\\doctorAutograph\\1469523116663.jpg', 'D:\\static\\image\\2016-07-26\\doctorAutograph\\1469523116663.jpg', '罗要4', 'Y', 'N');
INSERT INTO `consult_record` VALUES ('17', '430981198805195113', '2017-03-20 00:00:00', 'D:\\static\\image\\2016-07-26\\doctorAutograph\\1469523116663.jpg', 'TYGJ', 'D:\\static\\image\\2016-07-26\\doctorAutograph\\1469523116663.jpg', 'D:\\static\\image\\2016-07-26\\doctorAutograph\\1469523116663.jpg', '罗要4', 'Y', 'N');
INSERT INTO `consult_record` VALUES ('18', '430981198805195113', '2017-03-20 00:00:00', 'D:\\static\\image\\2016-07-26\\doctorAutograph\\1469523116663.jpg', 'TYGJ', 'D:\\static\\image\\2016-07-26\\doctorAutograph\\1469523116663.jpg', 'D:\\static\\image\\2016-07-26\\doctorAutograph\\1469523116663.jpg', '罗要4', 'Y', 'N');
INSERT INTO `consult_record` VALUES ('19', '430981198805195113', '2017-03-20 00:00:00', 'D:\\static\\image\\2016-07-26\\doctorAutograph\\1469523116663.jpg', 'TYGJ', 'D:\\static\\image\\2016-07-26\\doctorAutograph\\1469523116663.jpg', 'D:\\static\\image\\2016-07-26\\doctorAutograph\\1469523116663.jpg', '罗要4', 'Y', 'N');
INSERT INTO `consult_record` VALUES ('20', '430981198805195113', '2017-03-20 00:00:00', 'D:\\static\\image\\2016-07-26\\doctorAutograph\\1469523116663.jpg', 'TYGJ', 'D:\\static\\image\\2016-07-26\\doctorAutograph\\1469523116663.jpg', 'D:\\static\\image\\2016-07-26\\doctorAutograph\\1469523116663.jpg', '罗要4', 'Y', 'N');
INSERT INTO `consult_record` VALUES ('21', '430981198805195113', '2017-03-20 00:00:00', 'D:\\static\\image\\2016-07-26\\doctorAutograph\\1469523116663.jpg', 'TYGJ', 'D:\\static\\image\\2016-07-26\\doctorAutograph\\1469523116663.jpg', 'D:\\static\\image\\2016-07-26\\doctorAutograph\\1469523116663.jpg', '罗要4', 'Y', 'N');
INSERT INTO `consult_record` VALUES ('22', '430981198805195113', '2017-03-20 00:00:00', 'D:\\static\\image\\2016-07-26\\doctorAutograph\\1469523116663.jpg', 'TYGJ', 'D:\\static\\image\\2016-07-26\\doctorAutograph\\1469523116663.jpg', 'D:\\static\\image\\2016-07-26\\doctorAutograph\\1469523116663.jpg', '罗要4', 'Y', 'N');
INSERT INTO `consult_record` VALUES ('23', '430981198805195113', '2017-03-20 00:00:00', 'D:\\static\\image\\2016-07-26\\doctorAutograph\\1469523116663.jpg', 'TYGJ', 'D:\\static\\image\\2016-07-26\\doctorAutograph\\1469523116663.jpg', 'D:\\static\\image\\2016-07-26\\doctorAutograph\\1469523116663.jpg', '罗要4', 'Y', 'N');
INSERT INTO `consult_record` VALUES ('24', '430981198805195113', '2017-03-20 00:00:00', 'D:\\static\\image\\2016-07-26\\doctorAutograph\\1469523116663.jpg', 'TYGJ', 'D:\\static\\image\\2016-07-26\\doctorAutograph\\1469523116663.jpg', 'D:\\static\\image\\2016-07-26\\doctorAutograph\\1469523116663.jpg', '罗要4', 'Y', 'N');
INSERT INTO `consult_record` VALUES ('25', '430981198805195113', '2017-03-20 00:00:00', 'D:\\static\\image\\2016-07-26\\doctorAutograph\\1469523116663.jpg', 'TYGJ', 'D:\\static\\image\\2016-07-26\\doctorAutograph\\1469523116663.jpg', 'D:\\static\\image\\2016-07-26\\doctorAutograph\\1469523116663.jpg', '罗要4', 'Y', 'N');
INSERT INTO `consult_record` VALUES ('26', '430981198805195113', '2017-03-20 00:00:00', 'D:\\static\\image\\2016-07-26\\doctorAutograph\\1469523116663.jpg', 'TYGJ', 'D:\\static\\image\\2016-07-26\\doctorAutograph\\1469523116663.jpg', 'D:\\static\\image\\2016-07-26\\doctorAutograph\\1469523116663.jpg', '罗要4', 'Y', 'N');
INSERT INTO `consult_record` VALUES ('27', '430981198805195113', '2017-03-20 00:00:00', 'D:\\static\\image\\2016-07-26\\doctorAutograph\\1469523116663.jpg', 'TYGJ', 'D:\\static\\image\\2016-07-26\\doctorAutograph\\1469523116663.jpg', 'D:\\static\\image\\2016-07-26\\doctorAutograph\\1469523116663.jpg', '罗要4', 'Y', 'N');
INSERT INTO `consult_record` VALUES ('28', '430981198805195113', '2017-03-20 00:00:00', 'D:\\static\\image\\2016-07-26\\doctorAutograph\\1469523116663.jpg', 'TYGJ', 'D:\\static\\image\\2016-07-26\\doctorAutograph\\1469523116663.jpg', 'D:\\static\\image\\2016-07-26\\doctorAutograph\\1469523116663.jpg', '备注', 'Y', 'N');
INSERT INTO `consult_record` VALUES ('29', '430981198805195113', '2017-03-20 00:00:00', 'D:\\static\\image\\2016-07-26\\doctorAutograph\\1469523116663.jpg', 'TYGJ', 'D:\\static\\image\\2016-07-26\\doctorAutograph\\1469523116663.jpg', 'D:\\static\\image\\2016-07-26\\doctorAutograph\\1469523116663.jpg', '13', 'Y', 'N');

-- ----------------------------
-- Table structure for `consult_recordcount`
-- ----------------------------
DROP TABLE IF EXISTS `consult_recordcount`;
CREATE TABLE `consult_recordcount` (
  `id` int(10) NOT NULL AUTO_INCREMENT,
  `psptId` varchar(20) COLLATE utf8_bin NOT NULL DEFAULT '',
  `isproduce` int(100) DEFAULT NULL COMMENT '记录已打印数',
  `unproduce` int(100) DEFAULT NULL COMMENT '记录未打印数',
  PRIMARY KEY (`id`)
) ENGINE=InnoDB AUTO_INCREMENT=8 DEFAULT CHARSET=utf8 COLLATE=utf8_bin;

-- ----------------------------
-- Records of consult_recordcount
-- ----------------------------
INSERT INTO `consult_recordcount` VALUES ('1', '430981198805195113', '145', '7');
INSERT INTO `consult_recordcount` VALUES ('7', '330981198805195113', '0', '1');

-- ----------------------------
-- Table structure for `module`
-- ----------------------------
DROP TABLE IF EXISTS `module`;
CREATE TABLE `module` (
  `mid` int(11) NOT NULL AUTO_INCREMENT,
  `mname` varchar(255) DEFAULT NULL,
  PRIMARY KEY (`mid`)
) ENGINE=InnoDB AUTO_INCREMENT=5 DEFAULT CHARSET=utf8;

-- ----------------------------
-- Records of module
-- ----------------------------
INSERT INTO `module` VALUES ('1', 'add');
INSERT INTO `module` VALUES ('2', 'delete');
INSERT INTO `module` VALUES ('3', 'query');
INSERT INTO `module` VALUES ('4', 'update');

-- ----------------------------
-- Table structure for `module_role`
-- ----------------------------
DROP TABLE IF EXISTS `module_role`;
CREATE TABLE `module_role` (
  `rid` int(11) DEFAULT NULL,
  `mid` int(11) DEFAULT NULL
) ENGINE=InnoDB DEFAULT CHARSET=utf8;

-- ----------------------------
-- Records of module_role
-- ----------------------------
INSERT INTO `module_role` VALUES ('1', '1');
INSERT INTO `module_role` VALUES ('1', '2');
INSERT INTO `module_role` VALUES ('1', '3');
INSERT INTO `module_role` VALUES ('1', '4');
INSERT INTO `module_role` VALUES ('2', '1');
INSERT INTO `module_role` VALUES ('2', '3');

-- ----------------------------
-- Table structure for `role`
-- ----------------------------
DROP TABLE IF EXISTS `role`;
CREATE TABLE `role` (
  `rid` int(11) NOT NULL AUTO_INCREMENT,
  `rname` varchar(255) DEFAULT NULL,
  PRIMARY KEY (`rid`)
) ENGINE=InnoDB AUTO_INCREMENT=3 DEFAULT CHARSET=utf8;

-- ----------------------------
-- Records of role
-- ----------------------------
INSERT INTO `role` VALUES ('1', 'admin');
INSERT INTO `role` VALUES ('2', 'customer');

-- ----------------------------
-- Table structure for `user`
-- ----------------------------
DROP TABLE IF EXISTS `user`;
CREATE TABLE `user` (
  `uid` int(11) NOT NULL AUTO_INCREMENT,
  `username` varchar(255) DEFAULT NULL,
  `password` varchar(255) DEFAULT NULL,
  PRIMARY KEY (`uid`)
) ENGINE=InnoDB AUTO_INCREMENT=3 DEFAULT CHARSET=utf8;

-- ----------------------------
-- Records of user
-- ----------------------------
INSERT INTO `user` VALUES ('1', 'hlhdidi', '123');
INSERT INTO `user` VALUES ('2', 'xyycici', '1992');

-- ----------------------------
-- Table structure for `user_role`
-- ----------------------------
DROP TABLE IF EXISTS `user_role`;
CREATE TABLE `user_role` (
  `uid` int(11) DEFAULT NULL,
  `rid` int(11) DEFAULT NULL
) ENGINE=InnoDB DEFAULT CHARSET=utf8;

-- ----------------------------
-- Records of user_role
-- ----------------------------
INSERT INTO `user_role` VALUES ('1', '1');
INSERT INTO `user_role` VALUES ('2', '2');

-- ----------------------------
-- Function structure for `fristPinyin`
-- ----------------------------
DROP FUNCTION IF EXISTS `fristPinyin`;
DELIMITER ;;
CREATE DEFINER=`root`@`localhost` FUNCTION `fristPinyin`(P_NAME VARCHAR(255)) RETURNS varchar(255) CHARSET gbk
BEGIN
 
    DECLARE V_RETURN VARCHAR(255);
 
    SET V_RETURN = ELT(INTERVAL(CONV(HEX(left(CONVERT(P_NAME USING gbk),1)),16,10), 
 
        0xB0A1,0xB0C5,0xB2C1,0xB4EE,0xB6EA,0xB7A2,0xB8C1,0xB9FE,0xBBF7, 
 
        0xBFA6,0xC0AC,0xC2E8,0xC4C3,0xC5B6,0xC5BE,0xC6DA,0xC8BB,
 
        0xC8F6,0xCBFA,0xCDDA,0xCEF4,0xD1B9,0xD4D1),    
 
    'A','B','C','D','E','F','G','H','J','K','L','M','N','O','P','Q','R','S','T','W','X','Y','Z');
 
    RETURN V_RETURN;
 
END
;;
DELIMITER ;

-- ----------------------------
-- Function structure for `pinyin`
-- ----------------------------
DROP FUNCTION IF EXISTS `pinyin`;
DELIMITER ;;
CREATE DEFINER=`root`@`localhost` FUNCTION `pinyin`(P_NAME VARCHAR(255)) RETURNS varchar(255) CHARSET utf8
BEGIN
    DECLARE V_COMPARE VARCHAR(255);
    DECLARE V_RETURN VARCHAR(255);
    DECLARE I INT;
  
    SET I = 1;
    SET V_RETURN = '';
    while I < LENGTH(P_NAME) do
        SET V_COMPARE = SUBSTR(P_NAME, I, 1);
        IF (V_COMPARE != '') THEN
            #SET V_RETURN = CONCAT(V_RETURN, ',', V_COMPARE);
            SET V_RETURN = CONCAT(V_RETURN, fristPinyin(V_COMPARE));
            #SET V_RETURN = fristPinyin(V_COMPARE);
        END IF;
        SET I = I + 1;
    end while;
    IF (ISNULL(V_RETURN) or V_RETURN = '') THEN
        SET V_RETURN = P_NAME;
    END IF;
    RETURN V_RETURN;
END
;;
DELIMITER ;
